pdb_code,locus,allele_slug,peptide_sequence,resolution
1k5n,hla-b,hla_b_27_09,GRFAAAIAK,1.09
3mre,hla-a,hla_a_02_01,GLCTLVAML,1.1
7r7w,hla-b,hla_b_53_01,QATQEVKNW,1.17
4u1m,hla-b,hla_b_42_01,RPQVPLRPM,1.18
3czf,hla-b,hla_b_27_09,RRRWHRWRL,1.2
6y26,hla-b,hla_b_27_05,GRLNAPIKV,1.2
6mt3,hla-b,hla_b_18_01,FEDLRVLSF,1.21
7tuc,hla-b,hla_b_44_05,EEFGRAFSF,1.25
6y2a,hla-b,hla_b_27_05,GRLNQPIKV,1.25
6y29,hla-b,hla_b_27_09,GRLNEPIKV,1.28
3d25,hla-a,hla_a_02_01,VLHDDLLEA,1.3
3mrg,hla-a,hla_a_02_01,CINGVCWTV,1.3
6mt6,hla-b,hla_b_37_01,FEDLRVLSF,1.31
7kgq,hla-a,hla_a_02_01,LLLDRLNQL,1.34
2bvp,hla-b,hla_b_57_03,ISPRTLDAW,1.35
6mtl,hla-b,hla_b_44_05,FEDLRVLSF,1.35
6joz,hla-a,hla_a_11_01,ATIGTAMYK,1.35
6y2b,hla-b,hla_b_27_09,GRLNQPIKV,1.37
6y27,hla-b,hla_b_27_09,GRLNAPIKV,1.38
6pyw,hla-b,hla_b_27_05,LRNQSVFNF,1.38
4u1j,hla-b,hla_b_42_01,TPQDLNTML,1.38
6j2a,hla-a,hla_a_30_03,CTELKLSDY,1.4
4qrs,hla-b,hla_b_08_01,ELKRKMIYM,1.4
3mrk,hla-a,hla_a_02_01,PLFQVPEPV,1.4
7kgp,hla-a,hla_a_02_01,GMSRIGMEV,1.4
5wmq,hla-b,hla_b_08_01,ELRSRYWAI,1.4
2a83,hla-b,hla_b_27_05,RRRWHRWRL,1.4
4qrt,hla-b,hla_b_08_01,ELNRKMIYM,1.4
3mrb,hla-a,hla_a_02_01,NLVPMVHTV,1.4
6vb2,hla-b,hla_b_15_02,ELRARQECY,1.41
5ib2,hla-b,hla_b_27_05,RRKWRRWHL,1.44
6pyj,hla-b,hla_b_27_05,LRNQSVFNF,1.44
6pyv,hla-b,hla_b_27_03,LRNQSVFNF,1.45
1x7q,hla-a,hla_a_11_01,KTFPPTEPK,1.45
7m8u,hla-b,hla_b_35_01,IPFAMQMAY,1.45
1ogt,hla-b,hla_b_27_05,RRKWRRWHL,1.47
7m8t,hla-a,hla_a_11_01,NSASFSTFK,1.5
6q3k,hla-a,hla_a_02_01,NLVPMVATV,1.5
6o4z,hla-a,hla_a_02_01,KLVVVAVGV,1.5
7wkj,hla-a,hla_a_11_01,KTFPPTEPK,1.5
6j1w,hla-a,hla_a_30_01,AIFQSSMTK,1.5
7jyv,hla-a,hla_a_24_02,YFSPIRVTF,1.51
6pz5,hla-b,hla_b_27_03,LRNQSVFNF,1.53
5eu5,hla-a,hla_a_02_01,YLEPAPVTA,1.54
7kgr,hla-a,hla_a_02_01,LQLPQGTTL,1.55
6mt5,hla-b,hla_b_37_01,FEDLRLLSF,1.55
6mt4,hla-b,hla_b_37_01,FEDLRVSSF,1.55
1uxs,hla-b,hla_b_27_05,RRRWRRLTV,1.55
5nmh,hla-a,hla_a_02_01,SLYNTIATL,1.55
7kgs,hla-a,hla_a_02_01,ALNTPKDHI,1.58
5wmr,hla-b,hla_b_08_01,QIKVRVDMV,1.58
6o4y,hla-a,hla_a_02_01,KLVVGAVGV,1.58
4u1h,hla-b,hla_b_07_02,TPQDLNTML,1.59
2v2x,hla-a,hla_a_02_01,SLFNTVATL,1.6
2vll,hla-a,hla_a_02_01,GILGFVFTL,1.6
6v2q,hla-b,hla_b_57_03,LSSPVTKSF,1.6
6j29,hla-a,hla_a_30_03,QIMYNYPAM,1.6
1m6o,hla-b,hla_b_44_02,EEFGRAFSF,1.6
3kpm,hla-b,hla_b_44_02,EEYLKAWTF,1.6
7r7y,hla-b,hla_b_57_01,QATQEVKNW,1.6
3gso,hla-a,hla_a_02_01,NLVPMVATV,1.6
5def,hla-b,hla_b_27_247,RRKWRRWHL,1.6
3pwn,hla-a,hla_a_02_01,LLYGFVNYI,1.6
2v2w,hla-a,hla_a_02_01,SLYNTVATL,1.6
4qru,hla-b,hla_b_08_01,ELRRKMMYM,1.6
3sko,hla-b,hla_b_08_01,FLRGRAYGL,1.6
7r7v,hla-b,hla_b_53_01,QASQEVKNW,1.6
5wmo,hla-b,hla_b_07_02,RPPIFIRRL,1.62
3v5h,hla-a,hla_a_02_01,KVAEIVHFL,1.63
3kla,hla-a,hla_a_02_01,SLLMWITQL,1.65
3pwl,hla-a,hla_a_02_01,LGYGFVNYI,1.65
5vwh,hla-b,hla_b_58_01,LSSPVTKSW,1.65
5nmk,hla-a,hla_a_02_01,SLFNTIAVL,1.66
7p3d,hla-a,hla_a_02_01,YLQPRTFLL,1.67
3qfd,hla-a,hla_a_02_01,AAGIGILTV,1.68
7mja,hla-a,hla_a_24_02,QYNPIRTTF,1.69
6y28,hla-b,hla_b_27_05,GRLNEPIKV,1.69
5eo0,hla-b,hla_b_07_02,RPMTFKGAL,1.7
4qrq,hla-b,hla_b_08_01,HSKKKCDEL,1.7
2gtz,hla-a,hla_a_02_01,ALGIGILTV,1.7
5e00,hla-a,hla_a_02_01,GVWIRTPPA,1.7
5txs,hla-b,hla_b_15_01,AQDIYRASY,1.7
5xos,hla-b,hla_b_35_01,IPLTEEAEL,1.7
2git,hla-a,hla_a_02_01,LLFGKPVYV,1.7
1n2r,hla-b,hla_b_44_03,EEFGRAFSF,1.7
1syv,hla-b,hla_b_44_05,EEFGRAFSF,1.7
3mrd,hla-a,hla_a_02_01,NLVPMGATV,1.7
3pwj,hla-a,hla_a_02_01,LLYGFVNYV,1.7
3l3i,hla-b,hla_b_44_02,EEFGRAASF,1.7
7ejm,hla-a,hla_a_24_02,TYIKWPWWV,1.71
5n6b,hla-a,hla_a_02_01,LLWNGPMAV,1.71
1uxw,hla-b,hla_b_27_09,RRRWRRLTV,1.71
5w6a,hla-c,hla_c_06_02,ARTELYRSL,1.74
3d18,hla-b,hla_b_27_09,RRRWRRLTL,1.74
2cik,hla-b,hla_b_35_01,KPIVVLHGY,1.75
7mj9,hla-a,hla_a_02_01,LLLPRLPPL,1.75
6vb1,hla-b,hla_b_15_02,ELRAREEAY,1.75
4u1s,hla-b,hla_b_81_01,FPRPWLHGL,1.76
4u1n,hla-b,hla_b_42_02,RPQVPLRPM,1.77
4i4w,hla-a,hla_a_02_01,ILAKFLHRL,1.77
5meo,hla-a,hla_a_02_01,ILGKFLHRL,1.77
6opd,hla-a,hla_a_02_01,ILNAMIVKI,1.79
1xr9,hla-b,hla_b_15_01,ILGPPGSVY,1.79
4hx1,hla-a,hla_a_68_02,SVYDFFVWL,1.8
1tvb,hla-a,hla_a_02_01,ITDQVPFSV,1.8
3x12,hla-b,hla_b_57_01,LSSPVTKSF,1.8
5vue,hla-b,hla_b_57_01,LTVQVARVW,1.8
3fqt,hla-a,hla_a_02_01,GLLGSPVRA,1.8
3bp7,hla-b,hla_b_27_09,IRAAPPPLF,1.8
3lko,hla-b,hla_b_35_01,LPFDRTTIM,1.8
6uzm,hla-b,hla_b_15_02,HLASSGHSL,1.8
5vwf,hla-b,hla_b_57_03,LTVQVARVY,1.8
3gsu,hla-a,hla_a_02_01,NLVPTVATV,1.8
1i7u,hla-a,hla_a_02_01,ALWGFVPVL,1.8
3skm,hla-b,hla_b_08_01,FLRGRAYVL,1.8
3lkp,hla-b,hla_b_35_01,LPFDKSTIM,1.8
5vwd,hla-b,hla_b_57_03,LTVQVARVW,1.8
5iek,hla-b,hla_b_40_02,REFSKEPEL,1.8
3bo8,hla-a,hla_a_01_01,EADPTGHSY,1.8
3l3d,hla-b,hla_b_44_02,EEAGRAFSF,1.8
3mrc,hla-a,hla_a_02_01,NLVPMCATV,1.8
1duz,hla-a,hla_a_02_01,LLFGYPVYV,1.8
1tvh,hla-a,hla_a_02_01,IMDQVPFSV,1.8
3lkq,hla-b,hla_b_35_01,LPFDKTTIM,1.8
3x13,hla-b,hla_b_08_01,FLRGRAYGL,1.8
3gsw,hla-a,hla_a_02_01,NLVPMVAAV,1.81
5wmn,hla-b,hla_b_07_02,SPIVPSFDM,1.82
5deg,hla-b,hla_b_27_06,RRKWRRWHL,1.83
4nt6,hla-c,hla_c_08_01,GILGFVFTL,1.84
3kpq,hla-b,hla_b_44_05,EEYLKAWTF,1.84
5enw,hla-a,hla_a_02_01,GLKEGIPAL,1.85
7sa2,hla-a,hla_a_02_01,VVFLHVTYV,1.85
5eo1,hla-b,hla_b_07_02,RPMTYKGAL,1.85
3bp4,hla-b,hla_b_27_05,IRAAPPPLF,1.85
5fa3,hla-a,hla_a_02_01,GLLPELPAV,1.86
3bxn,hla-b,hla_b_14_02,IRAAPPPLF,1.86
3mrj,hla-a,hla_a_02_01,CINGMCWTV,1.87
3c9n,hla-b,hla_b_15_01,VQQESSFVM,1.87
3h7b,hla-a,hla_a_02_01,MLWGYLQYV,1.88
6uli,hla-c,hla_c_08_02,GADGVGKSA,1.88
5mer,hla-a,hla_a_02_01,ILAKFLHEL,1.88
3myj,hla-a,hla_a_02_01,YMFPNAPYL,1.89
7ejl,hla-a,hla_a_24_02,QYIKWPWYI,1.89
5vuf,hla-b,hla_b_57_01,LTVQVARVY,1.9
3rew,hla-a,hla_a_02_01,CLGGLLTMV,1.9
1m05,hla-b,hla_b_08_01,FLRGRAYGL,1.9
3ft4,hla-a,hla_a_02_01,VLRDDLLEA,1.9
5hhp,hla-a,hla_a_02_01,GILEFVFTL,1.9
2guo,hla-a,hla_a_02_01,AAGIGILTV,1.9
6d2t,hla-b,hla_b_57_01,LALLTGVRW,1.9
6vb0,hla-b,hla_b_15_02,ELRAREESY,1.9
3lks,hla-b,hla_b_35_01,LPFEKSTVM,1.9
7u21,hla-a,hla_a_02_01,AVGSYVYSV,1.9
6uzs,hla-b,hla_b_15_01,HLASSGHSY,1.9
3kpp,hla-b,hla_b_44_05,EEYLQAFTY,1.9
4nny,hla-a,hla_a_02_01,RQASLSISV,1.9
6pte,hla-a,hla_a_02_01,ILNAMITKI,1.9
1t1z,hla-a,hla_a_02_01,ALYNTAAAL,1.9
6jtp,hla-c,hla_c_08_02,GADGVGKSA,1.9
2h6p,hla-b,hla_b_35_01,KPIVVLHGY,1.9
3gsv,hla-a,hla_a_02_01,NLVPQVATV,1.9
7mkb,hla-a,hla_a_02_01,YLQPRTFLL,1.9
7lfz,hla-b,hla_b_07_02,IPRRNVATL,1.9
5ib1,hla-b,hla_b_27_05,RRKWRRWHL,1.91
5ib3,hla-b,hla_b_27_05,RRKWRRWHL,1.91
4u1i,hla-b,hla_b_81_01,TPQDLNTML,1.92
3mr9,hla-a,hla_a_02_01,NLVPAVATV,1.93
3fqw,hla-a,hla_a_02_01,RVASPTSGV,1.93
3lv3,hla-b,hla_b_27_05,SRRWRRWNR,1.94
3gsr,hla-a,hla_a_02_01,NLVPVVATV,1.95
2av1,hla-a,hla_a_02_01,LLFGYPVYV,1.95
7mj6,hla-a,hla_a_02_01,LLLPLLPPL,1.95
5ib4,hla-b,hla_b_27_05,RRKWRRWHL,1.95
7uc5,hla-a,hla_a_03_01,ILRGSVAHK,1.95
3ft3,hla-a,hla_a_02_01,VLHDDLLEA,1.95
3kpl,hla-b,hla_b_44_02,EEYLQAFTY,1.96
7l1c,hla-a,hla_a_03_01,ALHGGWTTK,1.96
5eu3,hla-a,hla_a_02_01,YLEPGPVTA,1.97
7lgt,hla-b,hla_b_07_02,SPKLHFYYL,1.97
4o2e,hla-b,hla_b_39_01,SHVAVENAL,1.98
5vwj,hla-b,hla_b_58_01,LTVQVARVW,2.0
3kpn,hla-b,hla_b_44_03,EEYLQAFTY,2.0
4k7f,hla-a,hla_a_02_01,VCWGELMNL,2.0
3lkr,hla-b,hla_b_35_01,LPFERATVM,2.0
6vb3,hla-b,hla_b_15_01,TVAASGHSY,2.0
7nui,hla-b,hla_b_08_01,ELRSRYWAI,2.0
5vvp,hla-b,hla_b_57_03,LSSPVTKSW,2.0
3upr,hla-b,hla_b_57_01,HSITYLLPV,2.0
4nqx,hla-a,hla_a_01_01,CTELKLNDY,2.0
3x14,hla-b,hla_b_08_01,FLRGRAYGL,2.0
5wsh,hla-a,hla_a_02_01,GVWIRTPTA,2.0
3hpj,hla-a,hla_a_02_01,RMFPNAPYL,2.0
6j1v,hla-a,hla_a_30_03,AIFQSSMTK,2.0
1t1y,hla-a,hla_a_02_01,SLYNVVATL,2.0
3h9h,hla-a,hla_a_02_01,MLWGYLQYV,2.0
7p3e,hla-a,hla_a_02_01,YLQLRTFLL,2.0
5vud,hla-b,hla_b_57_01,LSSPVTKSW,2.0
3lkn,hla-b,hla_b_35_01,LPFERATIM,2.0
3rl1,hla-a,hla_a_03_01,AIFQSSMTK,2.0
3v5d,hla-a,hla_a_02_01,KVAELVHFL,2.0
5u98,hla-b,hla_b_57_01,VTTDIQVKV,2.0
6z9v,hla-a,hla_a_02_01,IIGWMWIPV,2.01
5hhn,hla-a,hla_a_02_01,GILGLVFTL,2.03
7l1b,hla-a,hla_a_03_01,AHHGGWTTK,2.04
7rtd,hla-a,hla_a_02_01,YLQPRTFLL,2.05
2av7,hla-a,hla_a_02_01,LLFGYPVYV,2.05
4u1l,hla-b,hla_b_81_01,RPQVPLRPM,2.06
7n1a,hla-a,hla_a_02_01,YLQPRTFLL,2.06
6uzp,hla-b,hla_b_15_01,HLASSGHSL,2.08
4u1k,hla-b,hla_b_07_02,RPQVPLRPM,2.09
1hsa,hla-b,hla_b_27_05,ARAAAAAAA,2.1
6vb7,hla-b,hla_b_15_02,TVRASGHSY,2.1
3mri,hla-a,hla_a_02_01,CINMWCWTV,2.1
3gsx,hla-a,hla_a_02_01,NLVPMVAVV,2.1
3ixa,hla-a,hla_a_02_01,LLFGYPVYV,2.1
3l3g,hla-b,hla_b_44_02,EEFGAAFSF,2.1
4no5,hla-a,hla_a_02_01,RQISQDVKL,2.1
5hhq,hla-a,hla_a_02_01,GIWGFVFTL,2.1
2x4u,hla-a,hla_a_02_01,ILKEPVHGV,2.1
1jge,hla-b,hla_b_27_05,GRFAAAIAK,2.1
7r7x,hla-b,hla_b_57_01,QASQEVKNW,2.1
2bst,hla-b,hla_b_27_05,SRYWAIRTR,2.1
7ejn,hla-a,hla_a_24_02,MYVKWPWYV,2.11
1w0w,hla-b,hla_b_27_09,RRLPIFSRL,2.11
6ssa,hla-a,hla_a_02_01,LLWNGPMQV,2.11
3gsq,hla-a,hla_a_02_01,NLVPSVATV,2.12
5eu4,hla-a,hla_a_02_01,YLAPGPVTA,2.12
5ind,hla-b,hla_b_58_11,QASQDVKNW,2.13
6vb6,hla-b,hla_b_15_02,TVRASGHSY,2.15
6vb5,hla-b,hla_b_15_02,TVRASGHSY,2.15
7kgo,hla-a,hla_a_02_01,ILLNKHIDA,2.15
3x11,hla-b,hla_b_57_01,LSSPVTKSF,2.15
6ptb,hla-a,hla_a_02_01,ILNAMIAKI,2.15
1jht,hla-a,hla_a_02_01,ALGIGILTV,2.15
6xqa,hla-a,hla_a_24_02,TYQWVLKNL,2.16
1t21,hla-a,hla_a_02_01,SLYNTVATL,2.19
6o9b,hla-a,hla_a_03_01,TTAPSLSGK,2.2
1e27,hla-b,hla_b_51_01,LPPVVAKEI,2.2
7mle,hla-a,hla_a_03_01,VVRPSVASK,2.2
1qew,hla-a,hla_a_02_01,FLWGPRALV,2.2
1t22,hla-a,hla_a_02_01,SLYNTVATL,2.2
1i1y,hla-a,hla_a_02_01,YLKEPVHGV,2.2
1s8d,hla-a,hla_a_02_01,SLANTVATL,2.2
1t20,hla-a,hla_a_02_01,SLYNTIATL,2.2
1t1x,hla-a,hla_a_02_01,SLYLTVATL,2.2
1i7r,hla-a,hla_a_02_01,FAPGFFPYL,2.2
1t1w,hla-a,hla_a_02_01,SLFNTIAVL,2.2
1of2,hla-b,hla_b_27_09,RRKWRRWHL,2.2
1s9w,hla-a,hla_a_02_01,SLLMWITQC,2.2
6uzn,hla-b,hla_b_15_02,TVRASGHSY,2.22
6ss8,hla-a,hla_a_02_01,LLWNGPIAV,2.24
6ujo,hla-a,hla_a_02_06,KQWLVWLFL,2.25
7nmd,hla-a,hla_a_24_02,QLPRLFPLL,2.25
1eey,hla-a,hla_a_02_01,ILSALVGIV,2.25
5meq,hla-a,hla_a_02_01,ILAKFLHTL,2.27
1w0v,hla-b,hla_b_27_05,RRLPIFSRL,2.27
3kpo,hla-b,hla_b_44_03,EEYLKAWTF,2.3
7lg0,hla-b,hla_b_07_02,SPRWYFYYL,2.3
1xr8,hla-b,hla_b_15_01,LEKARGSTY,2.3
1a1m,hla-b,hla_b_53_01,TPYDINQML,2.3
2x4r,hla-a,hla_a_02_01,NLVPMVATV,2.3
1a1o,hla-b,hla_b_53_01,KPIVQYDNF,2.3
1s9y,hla-a,hla_a_02_01,SLLMWITQS,2.3
2x4o,hla-a,hla_a_02_01,KLTPLCVTL,2.3
2bsr,hla-b,hla_b_27_05,RRIYDLIEL,2.3
3mrf,hla-a,hla_a_02_01,GLCPLVAML,2.3
1eez,hla-a,hla_a_02_01,ILSALVGIL,2.3
7lg3,hla-a,hla_a_02_01,KLWAQCVQL,2.3
7n6d,hla-a,hla_a_02_01,YLQPRTFLL,2.3
7tlt,hla-a,hla_a_29_02,YFPLQSYGF,2.3
3v5k,hla-a,hla_a_02_01,KVAELVWFL,2.31
5vgd,hla-c,hla_c_05_01,SAEPVPLQL,2.32
6viu,hla-b,hla_b_15_02,TVAASGHSY,2.33
6vb4,hla-b,hla_b_15_02,TVAASGHSY,2.33
6uzo,hla-b,hla_b_15_02,HLASSGHSY,2.35
6vr1,hla-a,hla_a_02_01,HMTEVVRRC,2.37
6vr5,hla-a,hla_a_02_01,HMTEVVRHC,2.38
2c7u,hla-a,hla_a_02_01,SLFNTIAVL,2.38
4nqv,hla-a,hla_a_01_01,CTELKLSDY,2.39
4hwz,hla-a,hla_a_68_01,AIFQSSMTK,2.4
3mrh,hla-a,hla_a_02_01,CISGVCWTV,2.4
1sys,hla-b,hla_b_44_03,EEPTVIKKY,2.4
1q94,hla-a,hla_a_11_01,AIFQSSMTK,2.4
7lg2,hla-a,hla_a_02_01,ALWEIQQVV,2.4
3l3j,hla-b,hla_b_44_02,EEAGAAFSF,2.4
6uzq,hla-b,hla_b_15_01,TVRASGHSY,2.4
1qr1,hla-a,hla_a_02_01,IISAVVGIL,2.4
3i6l,hla-a,hla_a_24_02,QFKDNVILL,2.4
3mrl,hla-a,hla_a_02_01,CINGVVWTV,2.41
6o9c,hla-a,hla_a_03_01,TTAPFLSGK,2.45
5ib5,hla-b,hla_b_27_09,RRKWRRWHL,2.49
1a9e,hla-b,hla_b_35_01,LPPLDITPY,2.5
5xs3,hla-c,hla_c_06_02,VRSRRCLRL,2.5
1hhk,hla-a,hla_a_02_01,LLFGYPVYV,2.5
1hhj,hla-a,hla_a_02_01,ILKEPVHGV,2.5
1b0g,hla-a,hla_a_02_01,ALWGFFPVL,2.5
2rfx,hla-b,hla_b_57_01,LSSPVTKSF,2.5
1hhi,hla-a,hla_a_02_01,GILGFVFTL,2.5
6ss7,hla-a,hla_a_02_01,LLWAGPMAV,2.5
1s9x,hla-a,hla_a_02_01,SLLMWITQA,2.5
5im7,hla-b,hla_b_58_11,QASQEVKNW,2.5
5f9j,hla-a,hla_a_02_01,YLSPIASPL,2.51
3bvn,hla-b,hla_b_14_02,RRRWRRLTV,2.55
6ujq,hla-a,hla_a_02_06,KQWLVWLLL,2.55
2x4s,hla-a,hla_a_02_01,AMDSNTLEL,2.55
3to2,hla-a,hla_a_02_01,LACFVLAAV,2.6
2xpg,hla-a,hla_a_03_01,KLIETYFSK,2.6
1hhg,hla-a,hla_a_02_01,TLTSCNTSV,2.6
5vge,hla-c,hla_c_07_02,RYRPGTVAL,2.6
3l3k,hla-b,hla_b_44_02,EEFGAAASF,2.6
4l3c,hla-a,hla_a_02_01,YLLMWITQV,2.64
1cg9,hla-b,hla_b_35_01,LPPLDITPY,2.7
6ss9,hla-a,hla_a_02_01,LLWNGPMHV,2.7
1qqd,hla-c,hla_c_04_01,QYDDAVYKL,2.7
6z9w,hla-a,hla_a_02_01,LLGWVFAQV,2.7
5mep,hla-a,hla_a_02_01,ILGKFLHWL,2.71
1i1f,hla-a,hla_a_02_01,FLKEPVHGV,2.8
1i7t,hla-a,hla_a_02_01,ALWGVFPVL,2.8
2bck,hla-a,hla_a_24_02,VYGFVRACL,2.8
7eu2,hla-a,hla_a_02_01,KIADYNYKL,2.8
5w69,hla-c,hla_c_06_02,ARFNDLRFV,2.8
4i48,hla-a,hla_a_68_02,TLTSCNTSV,2.8
7n1b,hla-a,hla_a_02_01,RLQSLQTYV,2.81
7re8,hla-a,hla_a_02_01,FMNKFIYEI,2.82
5inc,hla-b,hla_b_58_11,QATQEVKNW,2.88
7lgd,hla-b,hla_b_07_02,SPRWYFYYL,2.88
7jyw,hla-a,hla_a_24_02,TYQWIIRNW,2.9
7f4w,hla-a,hla_a_24_02,NYNYLYRLF,2.9
7s8r,hla-a,hla_a_11_01,SALEWIKNK,2.95
4l29,hla-a,hla_a_02_01,YLLMWITQV,3.09
1a9b,hla-b,hla_b_35_01,LPPLDITPY,3.2
6nca,hla-a,hla_a_02_01,YVLDHLIVV,3.3